Feature,Importance,Percentage
milage,0.6129454007993492,61.29
car_age,0.1579492039631949,15.79
mileage_per_year,0.12680837409159815,12.68
is_luxury_brand,0.04282174973115293,4.28
has_accident,0.013841314977968278,1.38
fuel_Gasoline,0.013346363387047684,1.33
is_manual,0.009719358839785714,0.97
is_clean_title,0.008406608592316506,0.84
fuel_Electric,0.004603504098863166,0.46
fuel_Hybrid,0.0034287653665452905,0.34
fuel_Other,0.0025464178865755747,0.25
fuel_E85 Flex Fuel,0.0025138284901364823,0.25
fuel_Plug-In Hybrid,0.0010691097754661084,0.11
